Title,Location,Job Type,Pay
Business Analyst- Child Support,Remote,Full-time,Not specified
Business Analyst,"Quincy, Massachusetts, USA",Contract,Not specified
Business Analyst,"Remote or Framingham, Massachusetts, USA",Contract,Not specified
Business Systems Analyst with Portfolio Construction & experience supporting OMS systems/Hybrid,"Boston, Massachusetts, USA",Full-time,Not specified
Business Analyst,"Boston, Massachusetts, USA",Contract,Not specified
Business Analyst,"Andover, Massachusetts, USA","Contract, Third Party",Not specified
Senior Business Analyst,"Boston, Massachusetts, USA",Full-time,Not specified
Business Analyst,"Quincy, Massachusetts, USA","Third Party, Contract",Not specified
Business Analyst,"Boston, Massachusetts, USA",Contract,Not specified
Business Analyst,"Quincy, Massachusetts, USA",Full-time,Not specified
Business Analyst with P&C - ISO,"Boston, Massachusetts, USA","Full-time, Part-time, Third Party, Contract",Not specified
"Sr. Business Analyst - Pharmaceutical | Contract | Cambridge, MA - Locals Only","Cambridge, Massachusetts, USA",Contract,Not specified
Business Analyst,"Cambridge, Massachusetts, USA",Full-time,Not specified
Business Analyst,"Cambridge, Massachusetts, USA",Full-time,Not specified
Business Analyst,"Boston, Massachusetts, USA",Contract,Not specified
Business Analyst,"Quincy, Massachusetts, USA",Full-time,Not specified
Business Systems Analyst,"Cambridge, Massachusetts, USA",Full-time,Not specified
Business Analyst,"Andover, Massachusetts, USA",Contract,Not specified
Business Analyst,"Andover, Massachusetts, USA",Contract,Not specified
"SR. BUSINESS ANALYST - Quincy, MA -Onsite/Hybrid","Quincy, Massachusetts, USA","Third Party, Contract",Not specified
Business Analyst CI/CD DevOps,"Boston, Massachusetts, USA",Contract,Not specified
Business Analyst,Remote,Contract,Not specified
BUSINESS ANALYST,"Remote or Des Moines, Iowa, USA",Full-time,Not specified
Business Analyst,"Remote or St. Petersburg, Florida, USA",Contract,Not specified
Business Systems Analyst,Remote,Contract,Not specified
Business Analyst,Remote,Contract,Not specified
Business Analyst,"Remote or Atlanta, Georgia, USA",Contract,Not specified
Business Analyst,Remote,Contract,Not specified
Business Analyst,Remote,"Third Party, Contract",Not specified
Business Analyst,"Remote or New York, New York, USA",Full-time,Not specified
Contact Center Business Analyst - Only W2 (Remote),Remote,Contract,Not specified
Business Analyst,Remote,Full-time,Not specified
Healthcare Business Analyst (Only Canada),Remote,Contract,Not specified
"Lead Business Analyst in Banking, FinTech",Remote,"Full-time, Third Party",Not specified
Cryptography Business Analyst,Remote,Full-time,Not specified
Business Analyst with GenAI,Remote,Full-time,Not specified
Business Analyst ERP/Accounting _100% Remote - Looking for Visa independent candidates,Remote,"Contract, Third Party",Not specified
"Business System Analyst, W-2 only(Credit card payment exp must)",Remote,Contract,Not specified
Business Systems Analyst (BSA) Cashflow Project (W2 ONLY),"Boston, Massachusetts, USA",Contract,Not specified
Entry Level - Business Analyst,"Remote or New York, New York, USA",Full-time,Not specified
Senior Workday Business Analyst,"Boston, Massachusetts, USA",Full-time,Not specified
Payment Technical Business Analyst/Product Owner,Remote,Contract,Not specified
Senior Business Analyst,Remote,Contract,Not specified
Business Systems Analyst (Contact Center domain exp) - Remote,"Remote or Houston, Texas, USA","Contract, Third Party",Not specified
Accumulator SME BSA--Ashburn VA,Remote or US,"Third Party, Contract",Not specified
Business Analyst (HealthCare),"Quincy, Massachusetts, USA",Contract,Not specified
Business Analyst - BA 25-20355,"Quincy, Massachusetts, USA","Contract, Third Party",Not specified
"Data Business Analyst- Quincy, MA","Quincy, Massachusetts, USA","Contract, Third Party",Not specified
Technical Business Analyst W2,"Boston, Massachusetts, USA",Contract,Not specified
Business Systems Analyst - PME,"Remote or Boston, Massachusetts, USA",Full-time,Not specified
SharePoint Business Analyst (Local to North Carolina Preferred) | Remote Job| Webcam Interview,"Remote or North Carolina, USA","Contract, Third Party",Not specified
Senior Healthcare Business analyst/Product owner with some AI experience,Remote,"Contract, Third Party",Not specified
Business Analyst UKG FP&A,Remote,Contract,Not specified
Qualtrics XM Discover Business Analyst,Remote,"Contract, Third Party",Not specified
BSA with QMS exp,Remote,"Third Party, Contract",Not specified
SAP Supply Chain Business Analyst,Remote,Contract,Not specified
Business Analyst - (Investment Operations),"Boston, Massachusetts, USA",Full-time,Not specified
Hybrid: Business Analyst with Data Bricks and Hadoop,"Quincy, Massachusetts, USA",Contract,Not specified
Junior Business Analyst,"Remote or Chicago, Illinois, USA",Full-time,Not specified
Business Analyst Security Master,"Boston, Massachusetts, USA",Contract,Not specified
Sr Eagle PACE Business Analyst,"Boston, Massachusetts, USA",Contract,Not specified
Sr Eagle PACE Business Analyst,"Boston, Massachusetts, USA",Contract,Not specified
Business Analyst CI/CD Dev Ops,"Boston, Massachusetts, USA",Contract,Not specified
Investment Business Analyst,"Boston, Massachusetts, USA",Contract,Not specified
Business Analyst Cash Flow,"Boston, Massachusetts, USA",Contract,Not specified
BA with Commerce (CCW) - Remote - Only on W2,Remote,Contract,Not specified
Duck Creek Business Analyst,Remote,Contract,Not specified
Salesforce Business Analyst,Remote,Contract,Not specified
Business Systems Analyst (Payment Industry ),Remote,"Contract, Third Party",Not specified
ServiceNow Business Analyst / Scrum Master,Remote,Contract,Not specified
"Business Analyst (Government project) - Hybrid role - Baton Rouge, LA","Remote or Baton Rouge, Louisiana, USA","Third Party, Contract",Not specified
System Business Analyst,"Remote or Plano, Texas, USA",Contract,Not specified
Business Systems Analyst / Data Analyst with IBOR / ABOR or Reference Data - Boston,"Boston, Massachusetts, USA",Full-time,Not specified
Senior Business Analyst,"Remote or Pittsburgh, Pennsylvania, USA",Contract,Not specified
Clinical Business Analyst - Remote,Remote,Contract,Not specified
Business Analyst with Oracle R12 is preferred,Remote,"Third Party, Contract",Not specified
Salesforce Business Analyst,"Remote or Dallas, Texas, USA",Contract,Not specified
Technical Business Analyst - Salesforce,"Boston, Massachusetts, USA",Contract,Not specified
Business Analyst - Salesforce CPQ & OTC,"Remote or Chicago, Illinois, USA","Full-time, Contract",Not specified
Mainframe Business analyst,"Quincy, Massachusetts, USA",Contract,Not specified
Senior Data Developer/Business Analyst,"Quincy, Massachusetts, USA",Full-time,Not specified
"REDCAP APPLICATIONS DEVELOPER/BUSINESS ANALYST, BEDAC","Boston, Massachusetts, USA",Full-time,Not specified
Jr. Business Systems Analyst,Remote,Contract,Not specified
Business Analyst (Independents only),"Remote or New York, New York, USA",Contract,Not specified
Card Payments Business Analyst ::: Full Time role ::: Only EST or CST candidates,Remote,Full-time,Not specified
IAM Business Analyst,Remote,Contract,Not specified
Business Analyst - Senior,"Framingham, Massachusetts, USA",Full-time,Not specified
Senior Business Systems Analyst,"Cambridge, Massachusetts, USA",Full-time,Not specified
Technical Business Analyst,Remote,Contract,Not specified
Healthcare Business Analyst,Remote,Contract,Not specified
Business Systems Analyst & Configuration Specialist,Remote,Contract,Not specified
Financial Business Analyst,"Framingham, Massachusetts, USA",Contract,Not specified
Technical Business Analyst,"Framingham, Massachusetts, USA",Contract,Not specified
Business Analyst,Remote,Full-time,Not specified
Business Analyst,Remote,Full-time,Not specified
Business analyst,"Remote or Canada, Kentucky, USA","Full-time, Part-time, Contract, Third Party",Not specified
Business Analyst (Finance),"Remote or Dodgeville, Wisconsin, USA",Contract,Not specified
Business Systems Analyst,Remote,Contract,Not specified
Business Analyst,"Remote or Chicago, Illinois, USA","Contract, Third Party",Not specified
SAP Business System Analyst,"Mansfield, Massachusetts, USA",Full-time,Not specified
Business Systems Analyst,"Remote or Broomfield, Colorado, USA",Full-time,Not specified
